"First_Name__c","Last_Name__c","Email__c","Phone__c","Type__c"
"Andrew","Moran","","",""
"Tyler","Jones","","",""
"Jacob","Pesicka","","",""
"Alonso","Maciel","","",""
"Matt","Diamond","","",""
"Heather","Hackett","","",""
"Preston","Lee","","",""
"Robert","Wilson","","",""
"Alec","Bucklen","","",""
"Michael","Madsen","","",""
"Washington","Ibarra","","",""
"Angie","Larson","","",""
"Mary","Candidate","","",""
"Christopher","Candidate","","",""
"Vanina","Candidate","","",""
"Cassandra","Candidate","","",""
"Mason","Candidate","","",""
"Neil","Candidate","","",""
"Tom","Candidate","","",""
"Emily","Pendleton","","",""
"Pierre","Perez","","",""
"Daisa","Alvarez","","",""
"Kim","Tapia","","",""
"Marisol","ONeil","","",""
"Calix","Boldt","","",""
"Yvonne","Garcia","","",""
"Michael","Donatucci","","",""
"Spencer","Candidate","","",""
"Jim","Candidate","","",""
"Ikem","Candidate","","",""
"Blake","Candidate","","",""
"Niell","Candidate","","",""
"Mitch","Candidate","","",""
"Nolan","Candidate","","",""
"Jesse","Goldberg","","",""
"Pierre","Marcel Perez","","",""
"Paras","Bengco","","",""
"Sabrina","Moya","","",""
"Marcus","Filardi","","",""
"Gwyneth","Landaburu","","",""
"Joseph","Ramirez","","",""
"Katerina","Minevich","","",""
"Faye","Ferguson","","",""
"Ryan","Candidate","","",""
"Allan","Candidate","","",""
"Roger","Olson","","",""
"Jonathan","Espinoza","","",""
"Craig","Lytle","","",""
"Adam","Pryor","","",""
"Paula","Candidate","","",""
"Joseph","Candidate","","",""
"Matt","Stewart","","",""
"Salina","Bouasangouane","","",""
"Zack","Jones","","",""
"Mary","Beth Jackson","","",""
"Dominic","McLaughlin","","",""
"David","Robbins","","",""
"Toby","Taylor","","",""
"Travis","Jorgensen","","",""
"Colton","Livingston","","",""
"Kyle","Ouellette","","",""
"Skyler","Fleming","","",""
"Monte","Soderquist","","",""
"David","Smith","","",""
"Jennifer","Ronquillo","","",""
"Raymond","Yin","","",""
"Rowan","Martinez","rowan.martinez@example.com","",""
"Sage","Robinson","sage.robinson@example.com","",""
"River","Clark","river.clark@example.com","",""
"Phoenix","Rodriguez","phoenix.rodriguez@example.com","",""
"Blake","Lewis","blake.lewis@example.com","",""
"Drew","Lee","drew.lee@example.com","",""
"Elizabeth","Candidate0","elizabeth.candidate0@test.com","555-030-1000",""
"Elizabeth","Candidate1","elizabeth.candidate1@test.com","555-030-1001",""
"Elizabeth","Candidate2","elizabeth.candidate2@test.com","555-030-1002",""
"Elizabeth","Candidate3","elizabeth.candidate3@test.com","555-030-1003",""
"Elizabeth","Candidate4","elizabeth.candidate4@test.com","555-030-1004",""
"Elizabeth","Candidate5","elizabeth.candidate5@test.com","555-030-1005",""
"Elizabeth","Candidate6","elizabeth.candidate6@test.com","555-030-1006",""
"Elizabeth","Candidate7","elizabeth.candidate7@test.com","555-030-1007",""
"Test","Candidate0","test.candidate0@test.com","555-010-1000",""
"Test","Candidate1","test.candidate1@test.com","555-010-1001",""
"Test","Candidate2","test.candidate2@test.com","555-010-1002",""
"Test","Candidate3","test.candidate3@test.com","555-010-1003",""
"Test","Candidate4","test.candidate4@test.com","555-010-1004",""
