Id,First_Name__c,Last_Name__c,Email__c,Phone__c,Type__c
a02dh00000AnyDkAAJ,Andrew,Moran,,,
a02dh00000AnyDlAAJ,Tyler,Jones,,,
a02dh00000AnyDmAAJ,Jacob,Pesicka,,,
a02dh00000AnyDnAAJ,Alonso,Maciel,,,
a02dh00000AnyDoAAJ,Matt,Diamond,,,
a02dh00000AnyDpAAJ,Heather,Hackett,,,
a02dh00000AnyDqAAJ,Preston,Lee,,,
a02dh00000AnyDrAAJ,Robert,Wilson,,,
a02dh00000AnyDsAAJ,Alec,Bucklen,,,
a02dh00000AnyDtAAJ,Michael,Madsen,,,
a02dh00000AnyDuAAJ,Washington,Ibarra,,,
a02dh00000AnyDvAAJ,Angie,Larson,,,
a02dh00000AnyDwAAJ,Mary,Candidate,,,
a02dh00000AnyDxAAJ,Christopher,Candidate,,,
a02dh00000AnyDyAAJ,Vanina,Candidate,,,
a02dh00000AnyDzAAJ,Cassandra,Candidate,,,
a02dh00000AnyE0AAJ,Mason,Candidate,,,
a02dh00000AnyE1AAJ,Neil,Candidate,,,
a02dh00000AnyE2AAJ,Tom,Candidate,,,
a02dh00000AnyE3AAJ,Emily,Pendleton,,,
a02dh00000AnyE4AAJ,Pierre,Perez,,,
a02dh00000AnyE5AAJ,Daisa,Alvarez,,,
a02dh00000AnyE6AAJ,Kim,Tapia,,,
a02dh00000AnyE7AAJ,Marisol,ONeil,,,
a02dh00000AnyE8AAJ,Calix,Boldt,,,
a02dh00000AnyE9AAJ,Yvonne,Garcia,,,
a02dh00000AnyEAAAZ,Michael,Donatucci,,,
a02dh00000AnyEBAAZ,Spencer,Candidate,,,
a02dh00000AnyECAAZ,Jim,Candidate,,,
a02dh00000AnyEDAAZ,Ikem,Candidate,,,
a02dh00000AnyEEAAZ,Blake,Candidate,,,
a02dh00000AnyEFAAZ,Niell,Candidate,,,
a02dh00000AnyEGAAZ,Mitch,Candidate,,,
a02dh00000AnyEHAAZ,Nolan,Candidate,,,
a02dh00000AnyEIAAZ,Jesse,Goldberg,,,
a02dh00000AnyEJAAZ,Pierre,Marcel Perez,,,
a02dh00000AnyEKAAZ,Paras,Bengco,,,
a02dh00000AnyELAAZ,Sabrina,Moya,,,
a02dh00000AnyEMAAZ,Marcus,Filardi,,,
a02dh00000AnyENAAZ,Gwyneth,Landaburu,,,
a02dh00000AnyEOAAZ,Joseph,Ramirez,,,
a02dh00000AnyEPAAZ,Katerina,Minevich,,,
a02dh00000AnyEQAAZ,Faye,Ferguson,,,
a02dh00000AnyERAAZ,Ryan,Candidate,,,
a02dh00000AnyESAAZ,Allan,Candidate,,,
a02dh00000AnyETAAZ,Roger,Olson,,,
a02dh00000AnyEUAAZ,Jonathan,Espinoza,,,
a02dh00000AnyEVAAZ,Craig,Lytle,,,
a02dh00000AnyEWAAZ,Adam,Pryor,,,
a02dh00000AnyEXAAZ,Paula,Candidate,,,
a02dh00000AnyEYAAZ,Joseph,Candidate,,,
a02dh00000AnyEZAAZ,Matt,Stewart,,,
a02dh00000AnyEaAAJ,Salina,Bouasangouane,,,
a02dh00000AnyEbAAJ,Zack,Jones,,,
a02dh00000AnyEcAAJ,Mary,Beth Jackson,,,
a02dh00000AnyEdAAJ,Dominic,McLaughlin,,,
a02dh00000AnyEeAAJ,David,Robbins,,,
a02dh00000AnyEfAAJ,Toby,Taylor,,,
a02dh00000AnyEgAAJ,Travis,Jorgensen,,,
a02dh00000AnyEhAAJ,Colton,Livingston,,,
a02dh00000AnyEiAAJ,Kyle,Ouellette,,,
a02dh00000AnyEjAAJ,Skyler,Fleming,,,
a02dh00000AnyEkAAJ,Monte,Soderquist,,,
a02dh00000AnyElAAJ,David,Smith,,,
a02dh00000AnyEmAAJ,Jennifer,Ronquillo,,,
a02dh00000AnyEnAAJ,Raymond,Yin,,,
a02dh00000AwerDAAR,Rowan,Martinez,rowan.martinez@example.com,,
a02dh00000AwerEAAR,Sage,Robinson,sage.robinson@example.com,,
a02dh00000AwerFAAR,River,Clark,river.clark@example.com,,
a02dh00000AwerGAAR,Phoenix,Rodriguez,phoenix.rodriguez@example.com,,
a02dh00000AwerHAAR,Blake,Lewis,blake.lewis@example.com,,
a02dh00000AwerIAAR,Drew,Lee,drew.lee@example.com,,
a02dh00000AwhinAAB,Elizabeth,Candidate0,elizabeth.candidate0@test.com,555-030-1000,
a02dh00000AwhioAAB,Elizabeth,Candidate1,elizabeth.candidate1@test.com,555-030-1001,
a02dh00000AwhipAAB,Elizabeth,Candidate2,elizabeth.candidate2@test.com,555-030-1002,
a02dh00000AwhiqAAB,Elizabeth,Candidate3,elizabeth.candidate3@test.com,555-030-1003,
a02dh00000AwhirAAB,Elizabeth,Candidate4,elizabeth.candidate4@test.com,555-030-1004,
a02dh00000AwhisAAB,Elizabeth,Candidate5,elizabeth.candidate5@test.com,555-030-1005,
a02dh00000AwhitAAB,Elizabeth,Candidate6,elizabeth.candidate6@test.com,555-030-1006,
a02dh00000AwhiuAAB,Elizabeth,Candidate7,elizabeth.candidate7@test.com,555-030-1007,
a02dh00000Awk1ZAAR,Test,Candidate0,test.candidate0@test.com,555-010-1000,
a02dh00000Awk1aAAB,Test,Candidate1,test.candidate1@test.com,555-010-1001,
a02dh00000Awk1bAAB,Test,Candidate2,test.candidate2@test.com,555-010-1002,
a02dh00000Awk1cAAB,Test,Candidate3,test.candidate3@test.com,555-010-1003,
a02dh00000Awk1dAAB,Test,Candidate4,test.candidate4@test.com,555-010-1004,
